{"textures":{"0":"modelengine:entity/neg"},"elements":[{"from":[2.0,21.0,1.0],"to":[6.0,25.0,5.0],"faces":{"east":{"uv":[10.0,7.0,11.0,8.0],"tintindex":0,"rotation":0,"texture":"#0"},"south":{"uv":[10.0,8.0,11.0,9.0],"tintindex":0,"rotation":0,"texture":"#0"},"north":{"uv":[10.0,6.0,11.0,7.0],"tintindex":0,"rotation":0,"texture":"#0"},"west":{"uv":[10.0,9.0,11.0,10.0],"tintindex":0,"rotation":0,"texture":"#0"},"up":{"uv":[11.0,11.0,10.0,10.0],"tintindex":0,"rotation":0,"texture":"#0"},"down":{"uv":[6.0,10.5,5.0,11.5],"tintindex":0,"rotation":0,"texture":"#0"}}},{"from":[0.0,8.0,0.0],"to":[16.0,21.0,13.0],"faces":{"east":{"uv":[5.0,3.5,10.0,7.0],"tintindex":0,"rotation":0,"texture":"#0"},"south":{"uv":[5.0,7.0,10.0,10.5],"tintindex":0,"rotation":0,"texture":"#0"},"north":{"uv":[5.0,0.0,10.0,3.5],"tintindex":0,"rotation":0,"texture":"#0"},"west":{"uv":[0.0,10.0,5.0,13.5],"tintindex":0,"rotation":0,"texture":"#0"},"up":{"uv":[5.0,5.0,0.0,0.0],"tintindex":0,"rotation":0,"texture":"#0"},"down":{"uv":[5.0,5.0,0.0,10.0],"tintindex":0,"rotation":0,"texture":"#0"}}},{"from":[10.0,21.0,1.0],"to":[14.0,25.0,5.0],"faces":{"east":{"uv":[10.0,1.0,11.0,2.0],"tintindex":0,"rotation":0,"texture":"#0"},"south":{"uv":[10.0,2.0,11.0,3.0],"tintindex":0,"rotation":0,"texture":"#0"},"north":{"uv":[10.0,0.0,11.0,1.0],"tintindex":0,"rotation":0,"texture":"#0"},"west":{"uv":[10.0,3.0,11.0,4.0],"tintindex":0,"rotation":0,"texture":"#0"},"up":{"uv":[11.0,5.0,10.0,4.0],"tintindex":0,"rotation":0,"texture":"#0"},"down":{"uv":[11.0,5.0,10.0,6.0],"tintindex":0,"rotation":0,"texture":"#0"}}}]}